{"cameraMode":{"drawMode":0,"name":"Shaded","section":"Shading Mode"},"sceneLighting":true,"audioPlay":false,"sceneViewState":{"m_AlwaysRefresh":false,"showFog":true,"showSkybox":true,"showFlares":true,"showImageEffects":true,"showParticleSystems":true,"showVisualEffectGraphs":true,"m_FxEnabled":true},"in2DMode":false,"pivot":{"x":62.61960220336914,"y":71.60291290283203,"z":76.38449096679688},"rotation":{"x":0.005218620412051678,"y":-0.9849120378494263,"z":0.17039518058300019,"w":0.030153142288327218},"size":156.85848999023438,"orthographic":false}