{"cameraMode":{"drawMode":0,"name":"Shaded","section":"Shading Mode"},"sceneLighting":true,"audioPlay":false,"sceneViewState":{"m_AlwaysRefresh":false,"showFog":true,"showSkybox":true,"showFlares":true,"showImageEffects":true,"showParticleSystems":true,"showVisualEffectGraphs":true,"m_FxEnabled":true},"in2DMode":false,"pivot":{"x":36.001888275146487,"y":102.6212387084961,"z":61.951690673828128},"rotation":{"x":-0.008257667534053326,"y":0.9670782089233398,"z":-0.2524126172065735,"w":-0.0316326767206192},"size":112.04576110839844,"orthographic":false}