{"cameraMode":{"drawMode":0,"name":"Shaded","section":"Shading Mode"},"sceneLighting":true,"audioPlay":false,"sceneViewState":{"m_AlwaysRefresh":false,"showFog":true,"showSkybox":true,"showFlares":true,"showImageEffects":true,"showParticleSystems":true,"showVisualEffectGraphs":true,"m_FxEnabled":true},"in2DMode":false,"pivot":{"x":24.311355590820314,"y":87.83323669433594,"z":56.17851257324219},"rotation":{"x":0.02224031277000904,"y":0.9774003028869629,"z":-0.13455811142921449,"w":0.16154661774635316},"size":140.5338134765625,"orthographic":false}