{"cameraMode":{"drawMode":0,"name":"Shaded","section":"Shading Mode"},"sceneLighting":true,"audioPlay":false,"sceneViewState":{"m_AlwaysRefresh":false,"showFog":true,"showSkybox":true,"showFlares":true,"showImageEffects":true,"showParticleSystems":true,"showVisualEffectGraphs":true,"m_FxEnabled":true},"in2DMode":false,"pivot":{"x":-17.719812393188478,"y":87.2529067993164,"z":75.71562957763672},"rotation":{"x":0.005218620412051678,"y":-0.9849120378494263,"z":0.17039518058300019,"w":0.030153142288327218},"size":161.37367248535157,"orthographic":false}